[{"model": "auth.permission", "pk": 1, "fields": {"name": "Can add log entry", "content_type": 1, "codename": "add_logentry"}}, {"model": "auth.permission", "pk": 2, "fields": {"name": "Can change log entry", "content_type": 1, "codename": "change_logentry"}}, {"model": "auth.permission", "pk": 3, "fields": {"name": "Can delete log entry", "content_type": 1, "codename": "delete_logentry"}}, {"model": "auth.permission", "pk": 4, "fields": {"name": "Can view log entry", "content_type": 1, "codename": "view_logentry"}}, {"model": "auth.permission", "pk": 5, "fields": {"name": "Can add permission", "content_type": 3, "codename": "add_permission"}}, {"model": "auth.permission", "pk": 6, "fields": {"name": "Can change permission", "content_type": 3, "codename": "change_permission"}}, {"model": "auth.permission", "pk": 7, "fields": {"name": "Can delete permission", "content_type": 3, "codename": "delete_permission"}}, {"model": "auth.permission", "pk": 8, "fields": {"name": "Can view permission", "content_type": 3, "codename": "view_permission"}}, {"model": "auth.permission", "pk": 9, "fields": {"name": "Can add group", "content_type": 2, "codename": "add_group"}}, {"model": "auth.permission", "pk": 10, "fields": {"name": "Can change group", "content_type": 2, "codename": "change_group"}}, {"model": "auth.permission", "pk": 11, "fields": {"name": "Can delete group", "content_type": 2, "codename": "delete_group"}}, {"model": "auth.permission", "pk": 12, "fields": {"name": "Can view group", "content_type": 2, "codename": "view_group"}}, {"model": "auth.permission", "pk": 13, "fields": {"name": "Can add user", "content_type": 4, "codename": "add_user"}}, {"model": "auth.permission", "pk": 14, "fields": {"name": "Can change user", "content_type": 4, "codename": "change_user"}}, {"model": "auth.permission", "pk": 15, "fields": {"name": "Can delete user", "content_type": 4, "codename": "delete_user"}}, {"model": "auth.permission", "pk": 16, "fields": {"name": "Can view user", "content_type": 4, "codename": "view_user"}}, {"model": "auth.permission", "pk": 17, "fields": {"name": "Can add content type", "content_type": 5, "codename": "add_contenttype"}}, {"model": "auth.permission", "pk": 18, "fields": {"name": "Can change content type", "content_type": 5, "codename": "change_contenttype"}}, {"model": "auth.permission", "pk": 19, "fields": {"name": "Can delete content type", "content_type": 5, "codename": "delete_contenttype"}}, {"model": "auth.permission", "pk": 20, "fields": {"name": "Can view content type", "content_type": 5, "codename": "view_contenttype"}}, {"model": "auth.permission", "pk": 21, "fields": {"name": "Can add session", "content_type": 6, "codename": "add_session"}}, {"model": "auth.permission", "pk": 22, "fields": {"name": "Can change session", "content_type": 6, "codename": "change_session"}}, {"model": "auth.permission", "pk": 23, "fields": {"name": "Can delete session", "content_type": 6, "codename": "delete_session"}}, {"model": "auth.permission", "pk": 24, "fields": {"name": "Can view session", "content_type": 6, "codename": "view_session"}}, {"model": "auth.permission", "pk": 25, "fields": {"name": "Can add recipe", "content_type": 7, "codename": "add_recipe"}}, {"model": "auth.permission", "pk": 26, "fields": {"name": "Can change recipe", "content_type": 7, "codename": "change_recipe"}}, {"model": "auth.permission", "pk": 27, "fields": {"name": "Can delete recipe", "content_type": 7, "codename": "delete_recipe"}}, {"model": "auth.permission", "pk": 28, "fields": {"name": "Can view recipe", "content_type": 7, "codename": "view_recipe"}}, {"model": "auth.permission", "pk": 29, "fields": {"name": "Can add account", "content_type": 8, "codename": "add_account"}}, {"model": "auth.permission", "pk": 30, "fields": {"name": "Can change account", "content_type": 8, "codename": "change_account"}}, {"model": "auth.permission", "pk": 31, "fields": {"name": "Can delete account", "content_type": 8, "codename": "delete_account"}}, {"model": "auth.permission", "pk": 32, "fields": {"name": "Can view account", "content_type": 8, "codename": "view_account"}}, {"model": "auth.permission", "pk": 33, "fields": {"name": "Can add transaction", "content_type": 11, "codename": "add_transaction"}}, {"model": "auth.permission", "pk": 34, "fields": {"name": "Can change transaction", "content_type": 11, "codename": "change_transaction"}}, {"model": "auth.permission", "pk": 35, "fields": {"name": "Can delete transaction", "content_type": 11, "codename": "delete_transaction"}}, {"model": "auth.permission", "pk": 36, "fields": {"name": "Can view transaction", "content_type": 11, "codename": "view_transaction"}}, {"model": "auth.permission", "pk": 37, "fields": {"name": "Can add configuration", "content_type": 9, "codename": "add_configuration"}}, {"model": "auth.permission", "pk": 38, "fields": {"name": "Can change configuration", "content_type": 9, "codename": "change_configuration"}}, {"model": "auth.permission", "pk": 39, "fields": {"name": "Can delete configuration", "content_type": 9, "codename": "delete_configuration"}}, {"model": "auth.permission", "pk": 40, "fields": {"name": "Can view configuration", "content_type": 9, "codename": "view_configuration"}}, {"model": "auth.permission", "pk": 41, "fields": {"name": "Can add summary", "content_type": 10, "codename": "add_summary"}}, {"model": "auth.permission", "pk": 42, "fields": {"name": "Can change summary", "content_type": 10, "codename": "change_summary"}}, {"model": "auth.permission", "pk": 43, "fields": {"name": "Can delete summary", "content_type": 10, "codename": "delete_summary"}}, {"model": "auth.permission", "pk": 44, "fields": {"name": "Can view summary", "content_type": 10, "codename": "view_summary"}}, {"model": "auth.user", "pk": 1, "fields": {"password": "pbkdf2_sha256$1200000$K1WRvWkheESLiYgwbOJ0YT$LBRELVkKIgddeXU43o9o0N+ieGEk0dmH1n4E/Q8vfac=", "last_login": null, "is_superuser": false, "username": "testuser", "first_name": "", "last_name": "", "email": "testuser@testuser.com", "is_staff": false, "is_active": true, "date_joined": "2026-02-15T07:41:29.033Z", "groups": [], "user_permissions": []}}, {"model": "contenttypes.contenttype", "pk": 1, "fields": {"app_label": "admin", "model": "logentry"}}, {"model": "contenttypes.contenttype", "pk": 2, "fields": {"app_label": "auth", "model": "group"}}, {"model": "contenttypes.contenttype", "pk": 3, "fields": {"app_label": "auth", "model": "permission"}}, {"model": "contenttypes.contenttype", "pk": 4, "fields": {"app_label": "auth", "model": "user"}}, {"model": "contenttypes.contenttype", "pk": 5, "fields": {"app_label": "contenttypes", "model": "contenttype"}}, {"model": "contenttypes.contenttype", "pk": 6, "fields": {"app_label": "sessions", "model": "session"}}, {"model": "contenttypes.contenttype", "pk": 7, "fields": {"app_label": "recipes", "model": "recipe"}}, {"model": "contenttypes.contenttype", "pk": 8, "fields": {"app_label": "wimm", "model": "account"}}, {"model": "contenttypes.contenttype", "pk": 9, "fields": {"app_label": "wimm", "model": "configuration"}}, {"model": "contenttypes.contenttype", "pk": 10, "fields": {"app_label": "wimm", "model": "summary"}}, {"model": "contenttypes.contenttype", "pk": 11, "fields": {"app_label": "wimm", "model": "transaction"}}, {"model": "wimm.account", "pk": 1, "fields": {"user": 1, "name": "Job 1", "goal_description": "This account represents money earned working on Job 1...", "goal_amount": "0.00", "budget_percentage": "0.00", "include_on_summary_section": false, "include_on_total_amount": false, "color": 0}}, {"model": "wimm.account", "pk": 2, "fields": {"user": 1, "name": "Bank", "goal_description": "This account represents money that have on bank, before budget to another accounts.", "goal_amount": "0.00", "budget_percentage": "0.00", "include_on_summary_section": false, "include_on_total_amount": false, "color": 1}}, {"model": "wimm.account", "pk": 3, "fields": {"user": 1, "name": "Saving", "goal_description": "On this account, I save money", "goal_amount": "2000.00", "budget_percentage": "0.40", "include_on_summary_section": true, "include_on_total_amount": true, "color": 2}}, {"model": "wimm.account", "pk": 4, "fields": {"user": 1, "name": "Obligation", "goal_description": "This account I use for mandatory spendings, like food, mortage, health.", "goal_amount": "0.00", "budget_percentage": "0.50", "include_on_summary_section": true, "include_on_total_amount": true, "color": 0}}, {"model": "wimm.account", "pk": 5, "fields": {"user": 1, "name": "Desire", "goal_description": "This account is for non mandatory spendings, like candies, movies, luxury.", "goal_amount": "0.00", "budget_percentage": "0.10", "include_on_summary_section": true, "include_on_total_amount": true, "color": 3}}, {"model": "wimm.account", "pk": 6, "fields": {"user": 1, "name": "Restaurant Ticket", "goal_description": "This account represents money that job 1 give me to spend on food", "goal_amount": "0.00", "budget_percentage": "0.00", "include_on_summary_section": true, "include_on_total_amount": false, "color": 4}}, {"model": "wimm.account", "pk": 7, "fields": {"user": 1, "name": "Pasive", "goal_description": "This account represents spendings that I make", "goal_amount": "0.00", "budget_percentage": "0.00", "include_on_summary_section": false, "include_on_total_amount": false, "color": 5}}, {"model": "wimm.account", "pk": 10, "fields": {"user": 1, "name": "Food", "goal_description": "This account represents money that I spend on food", "goal_amount": "0.00", "budget_percentage": "0.00", "include_on_summary_section": false, "include_on_total_amount": false, "color": 0}}, {"model": "wimm.transaction", "pk": 29, "fields": {"user": 1, "timestamp": "2026-02-16T05:53:00Z", "amount": "4000.00", "source_account": 1, "destination_account": 2, "description": "Duis irure irure non magna quis et duis. Sunt officia elit cillum in consequat. Et reprehenderit mollit ad ut ipsum id. Do voluptate culpa nostrud consectetur duis quis Lorem cupidatat ex veniam cillum labore ea. Fugiat anim in sint ut voluptate consequat.\n\nUt deserunt id cupidatat do anim elit ea reprehenderit occaecat quis qui officia. Cupidatat minim esse sit eu nostrud consequat do eiusmod magna ut anim ut. Duis quis culpa id elit voluptate ullamco deserunt id laborum proident esse cillum velit Lorem. Cupidatat eiusmod labore cillum amet fugiat id laboris magna adipisicing proident anim eu ut aliqua. Reprehenderit in cillum ea consectetur ex qui laboris."}}, {"model": "wimm.transaction", "pk": 30, "fields": {"user": 1, "timestamp": "2026-02-16T05:56:05.369Z", "amount": "1600.00", "source_account": 2, "destination_account": 3, "description": "Moved the 40.00% from \"Bank\" to \"Saving\"."}}, {"model": "wimm.transaction", "pk": 31, "fields": {"user": 1, "timestamp": "2026-02-16T05:56:05.369Z", "amount": "2000.00", "source_account": 2, "destination_account": 4, "description": "Moved the 50.00% from \"Bank\" to \"Obligation\"."}}, {"model": "wimm.transaction", "pk": 32, "fields": {"user": 1, "timestamp": "2026-02-16T05:56:05.369Z", "amount": "400.00", "source_account": 2, "destination_account": 5, "description": "Moved the 10.00% from \"Bank\" to \"Desire\"."}}, {"model": "wimm.transaction", "pk": 33, "fields": {"user": 1, "timestamp": "2026-02-16T05:56:00Z", "amount": "300.00", "source_account": 4, "destination_account": 7, "description": "Velit nisi non cillum occaecat occaecat duis in pariatur nulla consectetur id incididunt. Eiusmod fugiat velit occaecat laboris et quis magna et sunt non eiusmod proident consequat. Lorem pariatur elit et minim laboris enim fugiat. Aliqua laboris fugiat excepteur id occaecat ad anim.\n\nLaboris magna id ut cupidatat velit est enim mollit fugiat. Dolor id sunt ullamco incididunt reprehenderit enim ad voluptate est. Ipsum enim dolore deserunt enim consectetur aliquip quis voluptate ipsum sit reprehenderit elit dolor aliquip. Labore id id dolor laboris amet elit aliqua veniam enim.\n\nEst ipsum ea sunt officia aute. Dolore tempor cupidatat ea officia irure elit elit ad id ullamco sit. Incididunt amet duis occaecat sit eu do. Enim non reprehenderit irure occaecat consectetur laborum ullamco nisi in. Elit officia velit aliqua sit cillum officia minim minim velit. Est irure aliquip duis id ad sunt ullamco labore."}}, {"model": "wimm.transaction", "pk": 34, "fields": {"user": 1, "timestamp": "2026-02-16T05:57:00Z", "amount": "31.28", "source_account": 5, "destination_account": 7, "description": "Ipsum ex fugiat mollit laborum eu dolore consectetur laboris aute nisi. Ullamco eiusmod enim proident ut irure ullamco deserunt est qui pariatur commodo excepteur occaecat. Voluptate qui voluptate elit labore voluptate pariatur nulla consequat sint fugiat occaecat. Ex ea culpa id veniam elit proident aliqua ut mollit qui culpa amet consequat tempor.\n\nAdipisicing ut aliquip magna mollit et. Eu reprehenderit nisi reprehenderit cillum non ullamco quis sit esse eu occaecat. Amet id do culpa excepteur pariatur eiusmod sunt. Velit tempor enim ipsum ad duis amet occaecat consectetur est. Adipisicing duis ex eu enim velit mollit ipsum in ea do cupidatat sint. Adipisicing quis veniam pariatur laboris culpa duis veniam aliqua ea proident proident nostrud incididunt aute."}}, {"model": "wimm.transaction", "pk": 35, "fields": {"user": 1, "timestamp": "2026-02-16T05:59:00Z", "amount": "93.45", "source_account": 5, "destination_account": 7, "description": "Aliqua laborum deserunt nisi est est nisi tempor id occaecat ut voluptate sunt adipisicing labore. Reprehenderit incididunt aliqua magna velit est. Magna quis ex enim do laborum. Cillum anim excepteur nisi esse occaecat amet. Consectetur velit ipsum amet excepteur dolore nulla reprehenderit eu. Irure exercitation ullamco sint ea et voluptate eu.\n\nCillum laboris incididunt ullamco aute dolore nostrud. Lorem dolor adipisicing culpa aute deserunt occaecat non adipisicing veniam qui esse. Tempor eiusmod nulla mollit nostrud duis. Velit ipsum culpa adipisicing proident occaecat consequat magna velit adipisicing. Dolore ad elit ullamco dolor ad.\n\nReprehenderit sunt amet mollit eiusmod fugiat. Mollit tempor reprehenderit laboris veniam eu eiusmod dolore eu dolor nulla reprehenderit laborum. Tempor ad veniam id ullamco tempor qui voluptate dolor amet culpa fugiat duis. Non do ex minim magna ea sunt culpa eiusmod sint aute quis amet est."}}, {"model": "wimm.transaction", "pk": 36, "fields": {"user": 1, "timestamp": "2026-02-16T06:00:00Z", "amount": "300.00", "source_account": 1, "destination_account": 6, "description": "Officia culpa dolore minim et aute. Esse exercitation fugiat duis Lorem amet. Voluptate cillum in eu cupidatat duis magna incididunt aliquip laboris amet do qui eiusmod dolore. Ut amet adipisicing elit ut nostrud tempor officia labore cillum deserunt laboris consectetur eu.\n\nPariatur dolor et ex sunt esse magna dolore qui aliquip labore ipsum veniam nisi ea. Consectetur cillum incididunt anim laboris dolore. Tempor quis et magna eu officia Lorem reprehenderit nulla duis consectetur fugiat. Consequat nostrud magna ea aliquip. Duis nisi mollit Lorem dolor labore cupidatat mollit duis pariatur."}}, {"model": "wimm.transaction", "pk": 37, "fields": {"user": 1, "timestamp": "2026-02-16T06:01:00Z", "amount": "7.20", "source_account": 6, "destination_account": 5, "description": "Lorem eu irure in esse cupidatat nulla incididunt esse culpa veniam in. Ullamco nostrud ea dolore amet officia consectetur eu labore proident. Anim tempor ad aliqua ea ipsum id. Aute quis aliquip laborum cupidatat velit veniam. Cillum et incididunt tempor consectetur eiusmod duis cillum dolore ut nisi proident mollit aliquip. Irure cupidatat ullamco dolore aliqua incididunt cupidatat commodo.\n\nIn aliquip anim Lorem labore excepteur cupidatat esse pariatur dolore pariatur et officia est. In dolore irure deserunt anim. Exercitation laboris culpa minim consequat ad aliquip. Elit nisi veniam sunt sunt quis enim eiusmod aliqua. Duis id voluptate laboris velit ipsum et labore adipisicing. Aliquip veniam minim sint nostrud enim aliqua fugiat labore ad consectetur nisi.\n\nEa officia dolore sunt nisi veniam voluptate ad et consectetur duis et pariatur anim. Fugiat ullamco ut incididunt ipsum exercitation reprehenderit mollit et veniam. Sunt adipisicing nulla id non esse fugiat Lorem consectetur dolore quis deserunt. Mollit elit veniam irure cupidatat. Consequat nisi amet et mollit nulla tempor excepteur sunt. Magna Lorem duis consequat in tempor velit pariatur elit nulla in. Ad duis in elit ut commodo dolore velit duis pariatur non ullamco sit laborum."}}, {"model": "wimm.transaction", "pk": 38, "fields": {"user": 1, "timestamp": "2026-02-17T05:17:00Z", "amount": "8.50", "source_account": 6, "destination_account": 7, "description": "Ea nulla laboris eiusmod qui id commodo veniam consectetur labore fugiat occaecat qui nostrud incididunt. Duis Lorem cupidatat nisi fugiat dolore est pariatur excepteur pariatur ipsum. Voluptate exercitation proident ex pariatur culpa commodo occaecat fugiat ad tempor exercitation incididunt. Reprehenderit est quis anim enim excepteur amet consectetur veniam eu qui ipsum culpa.\n\nEu fugiat commodo amet consequat. Ullamco ex ullamco aute enim aliqua. Magna aliquip incididunt quis occaecat. Incididunt est pariatur fugiat labore adipisicing quis laborum consectetur aliquip fugiat sint. Consequat sint exercitation nulla aliqua enim qui non aute ad reprehenderit aliquip reprehenderit duis. Est do excepteur nostrud id eu adipisicing. Ad commodo ut sunt laborum anim proident."}}, {"model": "wimm.transaction", "pk": 39, "fields": {"user": 1, "timestamp": "2026-02-17T05:18:00Z", "amount": "100.00", "source_account": 5, "destination_account": 7, "description": "Anim Lorem ea tempor culpa culpa. Commodo elit magna aute enim id ex deserunt aute. Reprehenderit in occaecat est voluptate. Magna sit ipsum eiusmod anim ea aute quis adipisicing cillum aliquip Lorem tempor non."}}, {"model": "wimm.transaction", "pk": 40, "fields": {"user": 1, "timestamp": "2026-02-18T05:19:00Z", "amount": "6.86", "source_account": 5, "destination_account": 7, "description": "Lorem dolor duis nisi anim veniam cillum laborum nisi deserunt excepteur ad culpa commodo. Ut laboris non mollit excepteur. Cillum incididunt mollit deserunt veniam qui eiusmod sit sint fugiat esse consectetur eu. Sunt ullamco voluptate nostrud ullamco.\n\nProident eu mollit dolore sunt ipsum et irure magna fugiat commodo fugiat esse non. Deserunt eiusmod laboris anim amet fugiat sint sit sit cillum ut consectetur pariatur ea. Labore sit ea ut ullamco est nisi nostrud. Exercitation elit quis enim consequat occaecat consequat dolore minim consectetur. Voluptate nulla ex in proident non esse excepteur excepteur sit. Proident incididunt Lorem ea Lorem qui eu aliqua excepteur consectetur. Nostrud commodo cillum laboris qui in ea sit aliqua.\n\nIrure id dolor Lorem cillum sunt anim nostrud occaecat adipisicing cupidatat ullamco aute. Elit aute qui elit sit magna minim qui elit incididunt ullamco culpa sint est laboris. Officia proident ex consectetur dolore velit id reprehenderit labore cillum officia ullamco sint excepteur. Voluptate in non et excepteur cupidatat aliquip fugiat dolor est aute et. Adipisicing minim magna nostrud cillum irure proident nulla eu sunt tempor aliqua. Aliquip labore excepteur eiusmod incididunt anim mollit ullamco ullamco id exercitation duis duis aliquip quis."}}, {"model": "wimm.transaction", "pk": 41, "fields": {"user": 1, "timestamp": "2026-02-18T05:19:00Z", "amount": "0.09", "source_account": 3, "destination_account": 7, "description": "Velit duis duis commodo aliqua elit exercitation id ullamco ut commodo adipisicing elit dolor. Reprehenderit et labore ut officia. Ut nulla ullamco nisi tempor dolor pariatur minim ex nostrud mollit dolor enim laborum amet. Sunt est non labore deserunt ex Lorem cillum esse dolore ad dolore cupidatat officia. Qui sint sint officia minim occaecat in sit labore enim.\n\nIncididunt velit officia ipsum eu excepteur ut veniam veniam laborum dolor. Non reprehenderit duis adipisicing velit nisi cupidatat ipsum culpa. Irure aliquip fugiat dolore non. Ullamco commodo anim et sit tempor laborum velit id nulla occaecat. Adipisicing consequat ut laborum ut exercitation irure cillum ullamco deserunt aliquip officia aliquip consequat sit. Veniam duis consequat anim veniam adipisicing. Aute enim quis velit exercitation est eiusmod commodo."}}, {"model": "wimm.transaction", "pk": 42, "fields": {"user": 1, "timestamp": "2026-02-18T05:20:00Z", "amount": "28.25", "source_account": 6, "destination_account": 7, "description": "Mollit labore enim nisi sint esse consequat ut. Ut qui est nostrud ad et ex sunt occaecat velit ullamco nisi adipisicing consequat pariatur. Et exercitation irure eiusmod eiusmod minim anim ut elit occaecat exercitation pariatur fugiat. Exercitation duis dolor proident elit ea elit ea laborum.\n\nDolore exercitation exercitation enim ex ut adipisicing aliquip do duis ex est mollit. Sunt culpa nulla eu et qui ad in anim. Officia commodo esse pariatur deserunt culpa duis.\n\nAliquip proident adipisicing sint exercitation amet culpa quis magna labore. Veniam excepteur duis labore ullamco irure fugiat dolore veniam fugiat. Laboris est amet laboris do tempor do sunt id consectetur exercitation proident in voluptate irure. Dolor esse ut anim aliqua id Lorem aliqua. Ut duis officia sint incididunt aute."}}, {"model": "wimm.transaction", "pk": 43, "fields": {"user": 1, "timestamp": "2026-02-18T05:22:00Z", "amount": "1.00", "source_account": 6, "destination_account": 7, "description": "Aute voluptate ut esse ea. Duis culpa aliqua exercitation sit esse. Incididunt eu ad nisi amet labore. Labore labore commodo veniam deserunt. Labore culpa aliqua adipisicing laborum officia amet consequat nostrud labore nulla consectetur est voluptate aute. Dolor quis ullamco adipisicing deserunt magna. Labore excepteur irure deserunt nulla non ea laborum quis mollit et."}}, {"model": "wimm.transaction", "pk": 44, "fields": {"user": 1, "timestamp": "2026-02-20T05:16:00Z", "amount": "7.00", "source_account": 6, "destination_account": 7, "description": "Commodo pariatur exercitation culpa reprehenderit. Minim magna reprehenderit nulla Lorem pariatur non magna nostrud excepteur reprehenderit excepteur tempor laborum. Cupidatat cillum do adipisicing ad magna officia.\n\nEnim occaecat proident aute et irure. Lorem mollit culpa proident excepteur deserunt nulla ea tempor. Sunt et minim culpa ad amet dolore officia ex. Consectetur eu enim amet exercitation sint nisi aute ullamco ipsum est voluptate velit sint laboris. Dolor laborum ipsum cillum culpa culpa laboris aliqua occaecat labore eiusmod.\n\nSit veniam ex laboris occaecat elit ipsum ea laboris nisi velit irure laboris. Reprehenderit deserunt velit irure nisi. Excepteur do duis eu sit sunt consequat do aliqua nostrud consequat. Quis in commodo aute cillum culpa enim officia adipisicing commodo velit. Mollit nulla ea adipisicing in. Irure sunt velit ut nisi magna in laborum ipsum consequat sit reprehenderit velit adipisicing. Incididunt officia do consequat id aliquip culpa esse voluptate laborum dolor."}}, {"model": "wimm.transaction", "pk": 45, "fields": {"user": 1, "timestamp": "2026-02-20T05:17:00Z", "amount": "19.99", "source_account": 3, "destination_account": 7, "description": "Magna occaecat incididunt esse Lorem qui amet irure commodo aute do Lorem incididunt veniam. Cupidatat elit eu non ad in id ex sint anim pariatur. Minim nisi irure elit nostrud in nulla laboris irure duis ipsum sint.\n\nEsse enim incididunt id mollit sit. Velit enim culpa ea nulla enim. Voluptate dolore eiusmod ad mollit. Mollit enim sit est excepteur sit irure excepteur elit."}}, {"model": "wimm.transaction", "pk": 46, "fields": {"user": 1, "timestamp": "2026-02-21T09:59:00Z", "amount": "13.50", "source_account": 6, "destination_account": 7, "description": "Fugiat non aliqua culpa dolor labore consequat laboris sint. Ipsum veniam dolore esse elit do id esse velit eu consectetur non. Qui sint enim irure occaecat. Duis magna esse sunt eu. Labore aliqua eiusmod aliquip velit cillum quis nisi quis commodo sit ea cupidatat deserunt.\n\nVelit irure fugiat officia quis cupidatat veniam labore et veniam. Irure qui enim id magna veniam sunt do deserunt qui exercitation qui irure. Laborum tempor consequat veniam exercitation consectetur amet. Dolore labore culpa consequat nulla anim. Ex nostrud do ex ullamco minim mollit et et esse qui duis.\n\nNulla ea magna Lorem ad dolore tempor aliqua ipsum velit ex magna. Non cupidatat dolor anim fugiat. Aute enim ullamco sit aliqua ad veniam aliqua excepteur et adipisicing aliquip fugiat minim."}}, {"model": "wimm.transaction", "pk": 47, "fields": {"user": 1, "timestamp": "2026-02-21T22:11:00Z", "amount": "7.00", "source_account": 6, "destination_account": 7, "description": "Veniam dolore occaecat aliquip do id occaecat. Dolore incididunt aliquip ipsum anim est esse. Commodo ea laboris est est qui commodo occaecat anim amet adipisicing amet. Labore anim proident officia amet labore et aute ipsum.\n\nMollit eiusmod velit cillum in elit in fugiat duis. Nostrud elit nisi tempor ipsum duis elit irure qui exercitation pariatur veniam dolor consequat reprehenderit. Commodo cupidatat et et sit eu reprehenderit ea exercitation incididunt incididunt Lorem. Fugiat eu pariatur eu qui quis nisi culpa fugiat deserunt. Et cillum officia Lorem tempor adipisicing officia est dolor. Est ad id dolor ut laboris adipisicing qui. Nulla voluptate consequat ut id non commodo exercitation labore pariatur nisi aliqua ad."}}, {"model": "wimm.configuration", "pk": 1, "fields": {"user": 1, "currency": "EUR", "currency_display": "symbol", "locale": "en-EN"}}, {"model": "wimm.summary", "pk": 1, "fields": {"user": 1, "timestamp": "2026-02-16T05:47:33.249Z", "account": 3, "amount": "506.22"}}, {"model": "wimm.summary", "pk": 2, "fields": {"user": 1, "timestamp": "2026-02-16T05:47:33.254Z", "account": 4, "amount": "632.77"}}, {"model": "wimm.summary", "pk": 3, "fields": {"user": 1, "timestamp": "2026-02-16T05:47:33.258Z", "account": 5, "amount": "1.82"}}, {"model": "wimm.summary", "pk": 4, "fields": {"user": 1, "timestamp": "2026-02-16T05:47:33.262Z", "account": 6, "amount": "207.00"}}, {"model": "wimm.summary", "pk": 5, "fields": {"user": 1, "timestamp": "2026-02-16T06:03:08.215Z", "account": 3, "amount": "1600.00"}}, {"model": "wimm.summary", "pk": 6, "fields": {"user": 1, "timestamp": "2026-02-16T06:03:08.220Z", "account": 4, "amount": "1700.00"}}, {"model": "wimm.summary", "pk": 7, "fields": {"user": 1, "timestamp": "2026-02-16T06:03:08.223Z", "account": 5, "amount": "282.47"}}, {"model": "wimm.summary", "pk": 8, "fields": {"user": 1, "timestamp": "2026-02-16T06:03:08.226Z", "account": 6, "amount": "292.80"}}, {"model": "wimm.summary", "pk": 9, "fields": {"user": 1, "timestamp": "2026-02-18T05:27:30.748Z", "account": 3, "amount": "1599.91"}}, {"model": "wimm.summary", "pk": 10, "fields": {"user": 1, "timestamp": "2026-02-18T05:27:30.753Z", "account": 4, "amount": "1700.00"}}, {"model": "wimm.summary", "pk": 11, "fields": {"user": 1, "timestamp": "2026-02-18T05:27:30.757Z", "account": 5, "amount": "175.61"}}, {"model": "wimm.summary", "pk": 12, "fields": {"user": 1, "timestamp": "2026-02-18T05:27:30.761Z", "account": 6, "amount": "255.05"}}]
